{"schemaVersion":"1.0","appDefinitionTemplate":{"id":"/providers/Microsoft.PowerApps/apps/","type":"Microsoft.PowerApps/apps","tags":{"primaryDeviceWidth":"640","primaryDeviceHeight":"1136","supportsPortrait":"true","supportsLandscape":"true","primaryFormFactor":"Phone","showStatusBar":"true","publisherVersion":"3.25094.12","minimumRequiredApiVersion":"2.2.0","hasComponent":"true","hasUnlockedComponent":"true","isUnifiedRootApp":"false","sienaVersion":"20251009T184907Z-3.25094.12.0"},"properties":{"appVersion":"2025-10-09T18:49:07Z","lifeCycleId":"Published","createdByClientVersion":{"major":3,"minor":25094,"build":12,"revision":0,"majorRevision":0,"minorRevision":0},"minClientVersion":{"major":3,"minor":25094,"build":12,"revision":0,"majorRevision":0,"minorRevision":0},"backgroundColor":"rgba(142, 140, 216, 1)","backgroundImageUri":"/9587282097077347245/Nbdb4fbd1-07be-4cca-a4d1-6dd16b66201a-logoSmallFile","displayName":"578 Telehealth Resource App","description":"Edward Hines Jr. VA Hospital (v12/578) - Clinical Informatics:\n\nPowerApp to enable Telehealth Team staff schedules & room booking/reservations.","commitMessage":"","appUris":{"documentUri":{"value":"/9587282097077347245/N9223d6ef-8b1b-43aa-b943-a028c23d4939-document.msapp"},"imageUris":[],"additionalUris":[{"isSolutionAware":false,"value":"/9587282097077347245/N90b9fdbf-130d-4eb2-a7ff-c788aaf91a42-identity.json"}]},"createdTime":"0001-01-01T00:00:00Z","lastModifiedTime":"0001-01-01T00:00:00Z","sharedGroupsCount":0,"sharedUsersCount":0,"connectionReferences":{"64852b16-4509-4d34-be4c-adfa1f496b3a":{"id":"791b1887-0bbf-4c9a-93c9-c5facca2d2ba","displayName":"Office 365 Users","iconUri":"https://connectorsiconsfairfax.z5.web.core.usgovcloudapi.net/v1.0.1767/1.0.1767.4341/office365users/icon.png","dataSources":["Office365Users"],"dependencies":[],"dependents":[],"parameterHints":{},"parameterHintsV2":{},"isOnPremiseConnection":false,"bypassConsent":false,"dataSets":{},"apiTier":"Standard","isCustomApiConnection":false,"actions":["MyProfile","UserPhotoV2","MyProfileV2","SearchUser"]},"366ef963-df5e-475a-805f-b326dde4b0cc":{"id":"b7a19980-d1d5-4e59-958e-7a830009aab3","displayName":"SharePoint","iconUri":"https://conn-afd-prod-endpoint-bmc9bqahasf3grgk.b01.azurefd.net/releases/v1.0.1732/1.0.1732.4070/sharepointonline/icon.png","dataSources":["List_DeskReservations","List_Desks","AppLoadAudit","TelehealthMasterSched_CombiTable","App_User_list","App_ReservationLog"],"dependencies":[],"dependents":[],"parameterHints":{},"parameterHintsV2":{},"isOnPremiseConnection":false,"bypassConsent":false,"dataSets":{"https://dvagov.sharepoint.com/sites/vhahin/svc/ci/TelehealthTeamApp":{"dataSources":{"List_DeskReservations":{"tableName":"b3c3f13a-091b-4c06-a04e-658ea71f297c"},"List_Desks":{"tableName":"09770055-3583-4d23-92fd-65cc81f2cc18"}}},"https://dvagov.sharepoint.com/sites/578TelehealthResourceApp":{"dataSources":{"AppLoadAudit":{"tableName":"fd436609-adae-497b-99d2-dfbcd0386f48"},"TelehealthMasterSched_CombiTable":{"tableName":"ad789c18-d515-44a3-826e-e64337c1b84e"},"App_User_list":{"tableName":"9e296a65-09d0-4ea1-a0a6-bd0a2477821e"},"App_ReservationLog":{"tableName":"82836f65-caa8-4c03-bc26-7a38e444c6bd"}}}},"apiTier":"Standard","isCustomApiConnection":false,"actions":["providers/PowerPlatform.Governance/Operations/Read","providers/PowerPlatform.Governance/Operations/Delete","providers/PowerPlatform.Governance/Operations/Write"]}},"databaseReferences":{},"almMode":"Environment","performanceOptimizationEnabled":true,"canConsumeAppPass":true,"enableModernRuntimeMode":false,"executionRestrictions":{"isTeamsOnly":false,"dataLossPreventionEvaluationResult":{"status":"Compliant","lastEvaluationDate":"2025-06-05T12:52:54.9798005Z","violations":[],"violationsByPolicy":[],"violationErrorMessage":"The app uses the following connectors: shared_office365users, shared_sharepointonline, shared_office365."}}},"isAppComponentLibrary":false,"appType":"ClassicCanvasApp","appComponents":[]}}