{"schemaVersion":"1.0","appDefinitionTemplate":{"id":"/providers/Microsoft.PowerApps/apps/","type":"Microsoft.PowerApps/apps","tags":{"primaryDeviceWidth":"640","primaryDeviceHeight":"1136","supportsPortrait":"true","supportsLandscape":"true","primaryFormFactor":"Phone","showStatusBar":"true","publisherVersion":"3.25083.8","minimumRequiredApiVersion":"2.2.0","hasComponent":"true","hasUnlockedComponent":"true","isUnifiedRootApp":"false","sienaVersion":"20250902T201542Z-3.25082.8.0"},"properties":{"appVersion":"2025-09-03T21:24:28Z","lifeCycleId":"Published","createdByClientVersion":{"major":3,"minor":25083,"build":8,"revision":0,"majorRevision":0,"minorRevision":0},"minClientVersion":{"major":3,"minor":25083,"build":8,"revision":0,"majorRevision":0,"minorRevision":0},"backgroundColor":"rgba(142, 140, 216, 1)","backgroundImageUri":"/9587282097077347245/N5f5e1e41-1240-4590-8731-ef54d59e0c9a-logoSmallFile","displayName":"578 Telehealth Resource App","commitMessage":"","appUris":{"documentUri":{"value":"/9587282097077347245/N99349420-cfed-4632-859d-73d63a800db1-document.msapp"},"imageUris":[],"additionalUris":[{"isSolutionAware":false,"value":"/9587282097077347245/Nf51195e1-f486-4bfa-9f40-12aab14c6b11-identity.json"}]},"createdTime":"0001-01-01T00:00:00Z","lastModifiedTime":"0001-01-01T00:00:00Z","sharedGroupsCount":0,"sharedUsersCount":0,"connectionReferences":{"64852b16-4509-4d34-be4c-adfa1f496b3a":{"id":"791b1887-0bbf-4c9a-93c9-c5facca2d2ba","displayName":"Office 365 Users","iconUri":"https://connectorsiconsfairfax.z5.web.core.usgovcloudapi.net/v1.0.1767/1.0.1767.4341/office365users/icon.png","dataSources":["Office365Users"],"dependencies":[],"dependents":[],"parameterHints":{},"parameterHintsV2":{},"isOnPremiseConnection":false,"bypassConsent":false,"dataSets":{},"apiTier":"Standard","isCustomApiConnection":false,"actions":["MyProfile","UserPhotoV2","MyProfileV2","SearchUser"]},"366ef963-df5e-475a-805f-b326dde4b0cc":{"id":"b7a19980-d1d5-4e59-958e-7a830009aab3","displayName":"SharePoint","iconUri":"https://conn-afd-prod-endpoint-bmc9bqahasf3grgk.b01.azurefd.net/releases/v1.0.1732/1.0.1732.4070/sharepointonline/icon.png","dataSources":["List_DeskAdmin","List_DeskReservations","List_Desks","AppLoadAudit","TelehealthMasterSched_CombiTable"],"dependencies":[],"dependents":[],"parameterHints":{},"parameterHintsV2":{},"isOnPremiseConnection":false,"bypassConsent":false,"dataSets":{"https://dvagov.sharepoint.com/sites/vhahin/svc/ci/TelehealthTeamApp":{"dataSources":{"List_DeskAdmin":{"tableName":"eeefdaf4-6df3-4bfd-95ad-f34f98871328"},"List_DeskReservations":{"tableName":"b3c3f13a-091b-4c06-a04e-658ea71f297c"},"List_Desks":{"tableName":"09770055-3583-4d23-92fd-65cc81f2cc18"}}},"https://dvagov.sharepoint.com/sites/578TelehealthResourceApp":{"dataSources":{"AppLoadAudit":{"tableName":"fd436609-adae-497b-99d2-dfbcd0386f48"},"TelehealthMasterSched_CombiTable":{"tableName":"ad789c18-d515-44a3-826e-e64337c1b84e"}}}},"apiTier":"Standard","isCustomApiConnection":false,"actions":["providers/PowerPlatform.Governance/Operations/Read","providers/PowerPlatform.Governance/Operations/Write","providers/PowerPlatform.Governance/Operations/Delete"]},"d80f322f-4d16-4bcc-b82a-4b3c90fdf730":{"id":"f2da7bcf-890c-4539-ac3e-2e1d977ffa87","displayName":"Office 365 Outlook","iconUri":"https://connectorsiconsfairfax.z5.web.core.usgovcloudapi.net/v1.0.1763/1.0.1763.4311/office365/icon.png","dataSources":["Office365Outlook"],"dependencies":[],"dependents":[],"parameterHints":{},"parameterHintsV2":{},"isOnPremiseConnection":false,"bypassConsent":false,"dataSets":{},"apiTier":"Standard","isCustomApiConnection":false,"actions":["CalendarGetTables","GetEventsCalendarViewV2"]},"7a5ec5df-41fe-4a65-ae21-9cb5523b010e":{"id":"8e1ae734-94fd-4f53-a27f-72d2b6c1fda2","displayName":"Shifts for Microsoft Teams","iconUri":"https://connectorsiconsfairfax.z5.web.core.usgovcloudapi.net/releases/v1.0.1747/1.0.1748.4181/shifts/icon.png","dataSources":["ShiftsforMicrosoftTeams"],"dependencies":[],"dependents":[],"parameterHints":{},"parameterHintsV2":{},"isOnPremiseConnection":false,"bypassConsent":false,"dataSets":{},"apiTier":"Standard","isCustomApiConnection":false},"fbb6947f-be1e-44bb-8421-2db5e4878b1a":{"id":"6f65717b-9200-4a29-bef6-6e1493785546","displayName":"Excel Online (Business)","iconUri":"https://connectorsiconsfairfax.z5.web.core.usgovcloudapi.net/v1.0.1768/1.0.1768.4342/excelonlinebusiness/icon.png","dataSources":["Aurora120","Aurora121","Combined_tables"],"dependencies":[],"dependents":[],"parameterHints":{},"parameterHintsV2":{},"isOnPremiseConnection":false,"bypassConsent":false,"dataSets":{"sites%252Fdvagov.sharepoint.com%252C0bf89cea-161e-42c5-8987-b810e225251f%252Cd12d3791-7863-4e35-bf7e-b82e77103b74,b%25216pz4Cx4WxUKJh7gQ4iUlH5E3LdFjeDVOv364LncQO3QidWM_QBIURoxSE5fhUdlR,01IVBRV52OGV7XKDJG3REYKRHOQTG2BNBY":{"dataSources":{"Aurora120":{"tableName":"{33971B6B-6240-4C4B-8395-806991AC34EA}"},"Aurora121":{"tableName":"{831F3501-8383-4758-A54A-C83FE145AA19}"}}},"sites%252Fdvagov.sharepoint.com%252C63779250-892f-4cff-9dd8-b585abbc9e09%252Cf4b33a80-72de-4a62-a740-1add524e5118,b%2521UJJ3Yy-J_0yd2LWFq7yeCYA6s_TecmJKp0Aa3VJOURjzgoMRIj0KSIWFvU8WQcUX,01MFBJCP5AN4HXZHQ6HBBLCH7TWNH6EW3T":{"dataSources":{"Combined_tables":{"tableName":"{CE712978-C0FA-4CF9-9FBE-2E4ED2F85493}"}}}},"apiTier":"Standard","isCustomApiConnection":false,"actions":["providers/PowerPlatform.Governance/Operations/Read"]}},"databaseReferences":{},"almMode":"Environment","performanceOptimizationEnabled":true,"canConsumeAppPass":true,"enableModernRuntimeMode":false,"executionRestrictions":{"isTeamsOnly":false,"dataLossPreventionEvaluationResult":{"status":"Compliant","lastEvaluationDate":"2025-06-05T12:52:54.9798005Z","violations":[],"violationsByPolicy":[],"violationErrorMessage":"The app uses the following connectors: shared_office365users, shared_sharepointonline, shared_office365."}}},"isAppComponentLibrary":false,"appType":"ClassicCanvasApp","appComponents":[]}}